Species,Hunted?,2006 IUCN threat,Adult Body,Age at First ,Age at Sexual ,Gestation ,Weaning ,Inter-Birth ,Group Size,Geographic Range ,Home,Maximum,Population ,Mean Human ,2003 GNI ,Mating ,Diet,Habitat 
,, (criterion A), Mass (g),Birth (days),Maturity (days),Length (days),Age (days),interval (days),,Area (km2),Range (km2),Longevity (months),Density (km2),Population Density (km2),(US $ millions) ,System,,Breadth
Addax nasomaculatus,Non-Hunted,4,94700,1066.86,,262.74,,360.00,12.63,1168709,,308.04,0.06,1.50,9624.69,,Specialist,2
Aepyceros melampus,Hunted,2,52300,730.00,394.42,196.75,150.00,365.00,15.25,3926869,1.99,213.00,13.00,37.60,14962.72,Polygamous,Generalist,4
Alcelaphus buselaphus,Hunted,2,164000,927.71,696.84,242.67,188.73,345.50,20.00,5580395,2.75,240.00,3.39,29.89,11483.09,Polygamous,Specialist,4
Alces alces,Hunted,0,481000,1216.67,547.50,235.00,98.18,365.00,1.00,22315180,72.00,324.00,0.41,8.47,1521949.72,Polygamous,Specialist,2
Ammodorcas clarkei,Non-Hunted,,28000,,,200.00,,,,287057,,36.00,0.75,10.04,3089.53,,Specialist,3
Ammotragus lervia,Non-Hunted,2,93200,407.58,456.25,156.24,121.67,212.92,,1447451,7.07,252.00,,5.62,36006.72,Polygamous,,2
Antidorcas marsupialis,Hunted,2,33200,,279.01,169.49,55.71,365.00,,1066805,,240.00,10.40,2.06,5936.21,Polygamous,Generalist,2
Antilocapra americana,Non-Hunted,0,46900,365.00,457.81,247.99,87.55,365.00,12.00,2009746,8.16,144.00,0.84,6.77,9998676.89,Polygamous,,3
Antilope cervicapra,Non-Hunted,1,35900,669.17,986.11,166.60,59.50,212.56,30.00,1248647,0.63,243.00,4.31,284.26,597188.55,Polygamous,Specialist,4
Axis axis,Hunted,0,69500,,462.75,227.50,121.67,425.83,,2041090,0.69,249.60,6.70,361.47,569944.22,Polygamous,Generalist,4
Axis calamianensis,Non-Hunted,,39500,,,224.00,,,,1345,,,,36.99,86607.10,,,3
Axis kuhlii,Non-Hunted,,55000,,,227.50,,,,198,,,4.41,625.00,199369.00,,,4
Axis porcinus,Non-Hunted,,37100,,403.98,220.13,,,1.80,2017514,0.53,240.00,16.50,144.44,,Polygamous,Generalist,4
Babyrousa babyrussa,Hunted,2,91700,,345.20,156.50,212.92,,4.50,61504,,288.00,,35.40,199369.00,,Generalist,3
Bison bison,Non-Hunted,2,620000,1095.00,752.00,283.17,300.48,399.00,30.00,10388,47.70,396.00,0.29,0.70,11003700.00,Polygamous,Generalist,4
Bison bonasus,Non-Hunted,,673000,1068.39,730.00,266.00,285.46,638.75,35.00,,7.92,324.00,0.90,,,Polygamous,Specialist,
Blastocerus dichotomus,Hunted,,111000,,,272.37,,,3.00,2004539,,,0.13,11.65,277385.89,Polygamous,Generalist,5
Bos frontalis,Hunted,,800000,,534.77,273.75,189.18,403.02,40.00,2294332,,314.40,0.55,152.68,,,Specialist,3
Bos grunniens,Hunted,,500000,,657.99,273.75,243.33,,110.00,1523540,,267.00,,2.03,1574470.00,Polygamous,,2
Bos javanicus,Non-Hunted,,627000,912.50,693.99,296.78,286.80,,40.00,1687921,,318.96,0.76,139.21,,Polygamous,,4
Bos sauveli,Non-Hunted,,786000,,657.99,,,,20.00,115557,,,,36.95,15866.66,,,4
Bos taurus,Non-Hunted,,613000,,657.99,280.49,,,,,10.20,240.00,,,,Polygamous,Generalist,
Boselaphus tragocamelus,Non-Hunted,0,181000,912.50,,248.50,,400.50,,2192565,,260.40,2.42,313.30,589624.26,Polygamous,Specialist,4
Bubalus bubalis,Non-Hunted,,919000,,744.83,320.00,242.74,547.50,,978657,3.70,339.00,1.08,254.71,,Polygamous,,
Bubalus depressicornis,Hunted,,255000,,657.99,295.78,,,1.00,41027,,432.96,,40.00,199369.00,Polygamous,Generalist,2
Bubalus mephistopheles,Non-Hunted,,,,,,,,,,,,,,,,,
Bubalus mindorensis,Non-Hunted,,251000,,657.99,306.06,,1095.00,1.00,9913,,336.00,,161.33,86607.10,,,3
Bubalus quarlesi,Hunted,,180000,,657.99,295.00,,,1.00,56312,,270.00,,62.96,199369.00,,,
Budorcas taxicolor,Hunted,2,291000,,807.96,235.61,111.45,365.00,14.00,402044,,234.96,,58.63,1397475.94,Polygamous,Generalist,4
Camelus bactrianus,Non-Hunted,4,547000,1460.00,1219.47,398.00,373.06,730.00,6.20,188693,,480.00,0.06,1.83,1368972.03,,Generalist,3
Camelus dromedarius,Non-Hunted,,488000,1738.31,1670.10,386.52,389.38,614.42,10.00,,200.00,480.00,0.97,,,Polygamous,Generalist,
Capra caucasica,Non-Hunted,3,63300,,732.49,153.53,55.72,365.00,,32782,,228.96,,40.23,259038.94,,,4
Capra cylindricornis,Non-Hunted,,57500,,879.29,155.00,,,,,,264.00,,,,,,4
Capra falconeri,Non-Hunted,3,53600,730.00,879.29,167.99,167.29,,,155076,,168.00,,88.37,57021.40,,,4
Capra hircus,Non-Hunted,2,46900,669.17,419.67,156.00,158.05,365.00,,,99.50,249.60,7.69,,,Polygamous,Generalist,4
Capra ibex,Hunted,0,69300,912.50,758.53,167.50,111.76,547.50,,145098,,267.60,,135.27,1005835.43,Polygamous,Generalist,4
Capra nubiana,Hunted,,47600,,,150.00,,,,177987,,204.00,,13.76,102232.74,,,
Capra pyrenaica,Non-Hunted,1,60200,,,150.00,,,,110473,0.66,192.00,,72.32,829643.00,Polygamous,,5
Capra sibirica,Hunted,0,130000,,,175.00,,,,2802214,,267.00,,23.16,511911.07,,,
Capra walie,Non-Hunted,,99400,,,157.50,,,,4295,,,4.13,63.17,6597.13,,,1
Capreolus capreolus,Non-Hunted,0,22400,730.00,391.77,161.54,79.75,365.00,,6777178,0.53,204.00,7.72,101.79,517106.23,Polygamous,Generalist,4
Capreolus pygargus,Non-Hunted,0,41000,,769.85,290.00,135.22,,,9816966,1.00,,80.00,26.63,625592.67,,,4
Catagonus wagneri,Non-Hunted,,35200,730.00,773.66,152.08,59.67,,5.75,329881,7.11,108.00,9.24,1.68,60097.86,,,3
Cephalophus adersi,Hunted,4,9250,,,120.00,,,,3824,,48.96,3.66,187.18,12626.73,,Generalist,
Cephalophus callipygus,Hunted,1,18800,,,,,,,788398,0.33,,,12.47,5479.02,,Generalist,2
Cephalophus dorsalis,Hunted,1,20000,760.42,465.58,238.00,,,1.00,2874503,0.28,204.96,,34.09,6401.09,,Generalist,4
Cephalophus harveyi,Hunted,2,14500,,,,,,,,,,,,,,Generalist,
Cephalophus jentinki,Non-Hunted,,67500,,,,,,,130952,,210.00,0.10,55.45,7387.68,,Generalist,2
Cephalophus leucogaster,Hunted,1,13000,,,,,,,1396673,,63.96,,19.68,5338.08,,Generalist,3
Cephalophus maxwellii,Hunted,1,8440,1095.00,291.81,205.00,60.10,,1.95,1214156,,147.00,5.89,78.44,12232.38,Monogamous,Generalist,3
Cephalophus monticola,Hunted,0,4860,577.92,304.74,205.00,25.65,265.00,1.90,6552146,,144.00,35.70,33.48,10992.09,Monogamous,Generalist,4
Cephalophus natalensis,Hunted,2,12000,,,212.98,,235.00,2.00,1208751,0.07,180.00,6.87,37.40,16080.22,Monogamous,Generalist,
Cephalophus niger,Hunted,1,18900,,,126.00,88.91,,,726891,,122.04,1.12,100.88,12725.19,,Generalist,1
Cephalophus nigrifrons,Hunted,1,14200,,,,,,,2766201,,236.40,2.00,27.94,6030.49,,Generalist,
Cephalophus ogilbyi,Hunted,1,18200,,,121.67,,,,587613,0.08,,,88.05,12609.93,,Generalist,1
Cephalophus rubidus,Non-Hunted,,15000,,,,,,,,,,,,,,Generalist,
Cephalophus rufilatus,Hunted,2,12000,794.64,,234.00,85.04,,1.00,3098970,,114.00,3.09,46.80,16863.65,,Generalist,
Cephalophus silvicultor,Hunted,1,61300,,,234.44,34.79,306.00,1.00,6018052,,207.96,0.49,36.83,8102.57,,Generalist,4
Cephalophus spadix,Non-Hunted,,56500,,,,,,,36583,,65.04,,49.39,10555.98,,Generalist,3
Cephalophus weynsi,Hunted,1,,,,,,,,1692834,,183.00,,42.21,5385.10,,Generalist,1
Cephalophus zebra,Non-Hunted,,15400,,,223.90,12.82,,,171547,,146.04,,37.94,5522.09,Monogamous,Generalist,2
Cervus albirostris,Hunted,,161000,,,263.42,,,,1061383,,216.00,,12.83,1574470.00,,,3
Cervus alfredi,Non-Hunted,,45800,,,243.33,,,,24505,,,,291.84,86607.10,,,2
Cervus duvaucelii,Non-Hunted,,169000,1095.00,732.49,245.00,,,64.25,255737,14.30,,11.40,428.69,583158.80,Polygamous,Specialist,4
Cervus elaphus,Hunted,0,240000,993.71,549.37,235.61,104.64,,17.50,14167732,58.40,321.60,2.90,60.80,1927498.80,Polygamous,Generalist,5
Cervus eldii,Non-Hunted,2,94700,958.13,449.86,240.20,223.21,382.70,,119941,,232.80,,64.12,213164.16,Polygamous,Specialist,4
Cervus mariannus,Hunted,,49100,,,,,,,220498,,,,222.55,86607.10,,,3
Cervus nippon,Non-Hunted,0,53000,1095.00,451.11,223.66,197.71,,7.50,2714653,1.45,305.04,0.75,331.56,1870074.25,Polygamous,Specialist,4
Cervus timorensis,Hunted,0,65800,,639.13,250.29,226.74,366.00,,132249,,,,804.21,199369.00,Polygamous,Generalist,4
Cervus unicolor,Hunted,0,176000,788.40,549.37,246.00,,,,7050571,,317.04,4.90,218.90,554944.91,Polygamous,Generalist,4
Connochaetes gnou,Non-Hunted,0,154000,912.50,817.08,256.76,108.18,,26.75,132201,0.97,240.00,33.70,21.87,154675.60,Polygamous,Specialist,2
Connochaetes taurinus,Hunted,2,196000,730.00,730.00,251.50,256.32,365.00,20.00,3201114,,258.00,7.77,19.13,25033.37,Polygamous,Specialist,3
Dama dama,Non-Hunted,0,56200,1095.00,466.49,230.00,177.06,365.00,10.50,3081759,0.72,300.00,22.00,128.41,733214.02,Polygamous,Generalist,3
Dama mesopotamica,Non-Hunted,,74400,,,,,,,,,,,,,,,
Damaliscus hunteri,Non-Hunted,4,78600,,,252.28,,,13.50,30189,,182.04,0.41,6.59,5034.86,Polygamous,Specialist,3
Damaliscus lunatus,Hunted,2,131000,912.50,682.79,238.00,,,3.60,4545042,,216.00,2.92,25.52,12075.97,Polygamous,Specialist,3
Damaliscus pygargus,Hunted,2,76700,1003.75,522.63,240.71,121.67,365.00,,370656,,260.04,23.90,39.93,151214.81,Polygamous,Specialist,3
Dorcatragus megalotis,Non-Hunted,,10900,,,,,,7.00,77951,,168.00,,9.78,1295.48,Polygamous,Specialist,1
Elaphodus cephalophus,Non-Hunted,,23000,,547.50,181.25,,,,1959738,,,,202.34,,Monogamous,,1
Elaphurus davidianus,Non-Hunted,,165000,,,286.50,159.79,359.50,,,,279.60,,,,Polygamous,Specialist,
Gazella bennettii,Non-Hunted,0,18900,,,,,,,1733312,,,,203.11,464466.30,,,2
Gazella cuvieri,Non-Hunted,,,,,166.13,,,,1047003,,,,50.98,,Polygamous,Generalist,5
Gazella dama,Non-Hunted,4,70400,,,194.94,,182.50,1.00,1593779,,207.96,0.18,5.50,8281.67,Polygamous,Generalist,2
Gazella dorcas,Non-Hunted,2,15500,836.46,525.26,172.00,61.35,337.85,6.75,10374954,15.80,209.04,2.24,18.56,31525.08,,Generalist,4
Gazella gazella,Non-Hunted,2,21200,547.50,408.01,180.00,87.33,228.13,7.20,1151479,1.46,219.00,0.40,48.75,103943.67,,,4
Gazella granti,Hunted,2,55000,,225.35,191.21,,,,963156,,152.04,3.82,40.53,11632.92,Polygamous,Generalist,4
Gazella leptoceros,Non-Hunted,,24300,319.38,,167.29,,,,2188576,,168.00,,6.52,29742.03,Polygamous,Generalist,1
Gazella rufifrons,Non-Hunted,2,27000,,,174.73,,,,3084372,,162.00,1.52,32.64,9370.32,,Generalist,3
Gazella soemmerringii,Non-Hunted,,41000,802.24,350.18,192.54,,,,1089492,,186.00,5.33,23.85,6577.22,,Generalist,3
Gazella spekei,Non-Hunted,,20000,,366.79,178.60,,206.50,14.25,170828,,152.04,,11.38,924.64,,Generalist,4
Gazella subgutturosa,Hunted,2,26700,,366.25,159.69,117.97,,5.50,8790680,,240.00,0.64,25.75,424954.19,Polygamous,,4
Gazella thomsonii,Hunted,2,22600,552.52,354.01,166.14,93.26,193.91,,515821,,182.04,14.60,50.74,12907.38,Polygamous,Specialist,2
Giraffa camelopardalis,Hunted,2,955000,1825.00,1400.59,455.25,272.09,608.33,100.00,2791593,82.50,435.60,1.20,18.24,13185.09,Polygamous,Specialist,3
Hemitragus hylocrius,Non-Hunted,,73700,669.17,,186.59,25.65,237.25,,2110,,207.00,,486.14,597574.00,Polygamous,,3
Hemitragus jayakari,Non-Hunted,,21900,,,164.32,,,,16234,,168.00,,40.38,19790.50,,,1
Hemitragus jemlahicus,Hunted,2,67900,730.00,1353.51,195.77,,365.00,,130100,,261.60,,98.05,509070.04,Polygamous,,3
Hexaprotodon liberiensis,Hunted,,227000,,1315.97,200.00,210.34,,1.25,35807,0.74,525.60,,86.62,22997.21,,Generalist,2
Hippocamelus antisensis,Non-Hunted,,68600,,,235.73,,,7.30,993124,,127.20,1.20,7.77,116924.39,,Specialist,3
Hippocamelus bisulcus,Non-Hunted,,68800,,,212.92,,,1.90,121225,0.88,,1.11,2.49,83665.73,Polygamous,Generalist,3
Hippopotamus amphibius,Hunted,2,1520000,1460.00,1750.88,235.37,319.01,696.54,,1849389,,654.00,4.87,35.22,8638.78,Polygamous,Specialist,3
Hippotragus equinus,Hunted,2,260000,1049.38,730.00,278.23,115.64,317.00,12.00,8018853,,240.00,0.94,30.37,12081.88,Polygamous,Specialist,3
Hippotragus niger,Hunted,2,234000,983.37,851.67,272.87,210.73,365.00,15.00,3149647,,267.00,1.27,28.15,9565.97,Polygamous,Specialist,1
Hydropotes inermis,Non-Hunted,1,12700,,270.67,175.50,,,,1140413,,144.00,,373.92,1574470.00,,Generalist,3
Hyemoschus aquaticus,Hunted,,10800,,274.16,173.53,136.88,,1.00,2571576,0.21,168.00,16.10,39.68,6663.22,Monogamous,Generalist,2
Hylochoerus meinertzhageni,Hunted,0,195000,532.29,451.86,151.00,62.62,365.00,10.00,2227871,,216.00,1.50,45.11,6298.68,,Generalist,5
Kobus ellipsiprymnus,Hunted,2,202000,,1315.59,270.00,212.92,365.00,12.00,10067124,1.30,239.04,2.40,34.78,12171.48,Polygamous,Specialist,4
Kobus kob,Hunted,2,79500,395.42,412.03,254.76,188.65,,40.00,3179797,101.00,263.04,2.54,39.38,13705.30,Polygamous,Specialist,4
Kobus leche,Hunted,2,87400,638.75,785.70,229.81,133.45,,20.00,229752,,222.96,30.80,8.87,7427.78,Polygamous,Specialist,3
Kobus megaceros,Non-Hunted,1,85200,,,,,,,82555,,224.04,0.34,11.78,15658.88,,Specialist,3
Kobus vardonii,Hunted,2,71000,,,258.09,212.92,365.00,5.50,1026509,,,4.65,15.22,5529.99,Polygamous,Specialist,4
Lama glama,Non-Hunted,,137000,,730.00,334.58,152.08,,,,,,,,,,Generalist,
Lama guanicoe,Non-Hunted,1,95500,,586.19,334.58,,,,,,339.60,0.46,,,Polygamous,Generalist,3
Lama pacos,Non-Hunted,,64900,,365.00,343.50,,,,,,,,,,,Specialist,
Litocranius walleri,Hunted,2,38500,562.71,730.00,204.15,,240.77,8.00,1594553,,156.00,0.43,20.87,6686.22,Polygamous,Specialist,1
Madoqua guentheri,Hunted,1,4590,,116.73,175.00,75.00,,6.25,1526489,0.04,168.00,13.80,21.75,6878.46,,Specialist,2
Madoqua kirkii,Hunted,1,4770,501.88,203.68,171.50,42.58,182.50,2.50,1734714,,198.00,19.00,27.97,7190.19,Monogamous,Specialist,3
Madoqua piacentinii,Non-Hunted,,2500,,219.33,,,,,30486,,168.00,,18.06,834.95,,Specialist,2
Madoqua saltiana,Non-Hunted,0,3380,,219.82,,42.00,,1.50,1219721,,168.00,,20.77,3816.19,Monogamous,Specialist,2
Mazama americana,Hunted,,20300,,,225.00,,,1.00,12958595,,165.60,9.43,25.36,332316.79,Monogamous,Specialist,5
Mazama bricenii,Non-Hunted,,16500,,,,,,,83135,,,,74.22,77390.03,,Generalist,
Mazama chunyi,Non-Hunted,,16000,,,243.33,,,,112162,,,,14.11,37446.01,,Generalist,2
Mazama gouazoupira,Hunted,,16400,,623.54,220.14,,,1.00,12556119,,144.00,9.34,22.64,,Monogamous,Generalist,5
Mazama nana,Non-Hunted,,16500,,,,,,,713884,,,,48.64,452318.75,,Generalist,
Mazama rufina,Non-Hunted,1,21000,,,231.65,,,,14704,,,,61.14,25736.40,,Generalist,4
Moschiola meminna,Hunted,0,3090,,,153.53,,,,1572492,,,2.78,324.34,573296.25,,Generalist,4
Moschus berezovskii,Hunted,1,12300,,,184.25,46.59,,,2263302,0.14,,,191.03,1548900.96,,Generalist,2
Moschus chrysogaster,Hunted,1,13500,730.00,505.13,188.00,46.59,,1.00,1789906,0.14,,,43.15,1298128.40,,Generalist,4
Moschus fuscus,Hunted,1,13500,,,,46.59,,,121179,0.14,,,24.30,1061677.90,,Generalist,3
Moschus moschiferus,Hunted,2,13300,,388.79,175.92,46.59,,1.00,8554235,0.14,,,20.87,534181.93,,Generalist,3
Muntiacus atherodes,Hunted,0,18800,,,,,,,108467,,,,16.82,199369.00,,Generalist,2
Muntiacus crinifrons,Hunted,,18300,,,195.58,,,,128303,,,,327.46,1574470.00,Monogamous,Generalist,2
Muntiacus feae,Non-Hunted,,17800,,,195.58,,,,21363,,,,43.40,,,Generalist,2
Muntiacus gongshanensis,Non-Hunted,,18300,,,,,,,171,,,,8.56,1574470.00,,Generalist,2
Muntiacus muntjak,Hunted,0,17400,,293.10,210.00,,241.00,,7321434,,211.20,3.17,236.51,512928.91,Monogamous,Generalist,2
Muntiacus reevesi,Non-Hunted,0,13500,,274.37,214.25,,215.25,,1767641,0.13,,0.67,356.67,1573686.63,Monogamous,Generalist,2
Naemorhedus baileyi,Hunted,2,28500,,,212.92,,,,105198,,219.00,,27.92,,,,
Naemorhedus caudatus,Non-Hunted,2,27000,,,,,,,2662960,,207.96,,155.99,1421720.31,,,3
Naemorhedus crispus,Non-Hunted,2,42600,,860.23,213.00,55.72,547.50,,113318,0.11,222.96,1.98,346.21,4374440.00,,,3
Naemorhedus goral,Hunted,1,28700,,874.00,212.92,55.72,365.00,,353466,,211.20,,102.32,515870.04,Polygamous,Generalist,3
Naemorhedus sumatraensis,Hunted,2,110000,,,231.37,165.26,,,2865764,,252.00,,151.35,1083899.38,Monogamous,Specialist,3
Naemorhedus swinhoei,Non-Hunted,2,,,,,,,,11916,,,,595.77,,,,3
Neotragus batesi,Hunted,1,2950,365.00,317.52,181.25,,,,1089948,,168.00,,41.93,9715.57,Monogamous,Specialist,4
Neotragus moschatus,Hunted,2,5600,,172.05,180.00,,,1.50,1612116,,168.00,16.80,42.02,10079.97,Monogamous,Specialist,4
Neotragus pygmaeus,Hunted,1,3880,,,180.00,,,2.00,426515,,168.00,,74.42,7126.62,,Specialist,3
Odocoileus hemionus,Non-Hunted,0,83800,547.50,451.20,203.50,73.50,365.00,,6310738,2.03,264.00,16.00,14.39,7035884.60,Polygamous,Generalist,5
Odocoileus virginianus,Hunted,0,75000,463.00,285.57,201.40,79.92,304.17,2.25,14446002,2.00,276.00,17.30,34.12,5270196.44,Polygamous,Generalist,5
Okapia johnstoni,Non-Hunted,1,230000,,821.25,443.00,180.29,,1.00,1105797,4.65,396.00,1.02,19.43,5392.02,Monogamous,Specialist,3
Oreamnos americanus,Non-Hunted,0,71300,1095.00,836.46,181.25,87.16,365.00,3.00,1137828,18.20,230.04,,4.68,3319359.66,,Generalist,2
Oreotragus oreotragus,Hunted,2,13400,,323.18,214.00,136.88,365.00,2.00,5375303,,213.96,2.55,38.40,20174.22,Monogamous,Specialist,1
Oryx gazella,Hunted,2,186000,866.88,730.00,273.75,,,20.00,4679314,,240.00,2.48,23.15,43602.17,Polygamous,Specialist,5
Oryx leucoryx,Non-Hunted,,74700,,,240.00,54.96,,5.00,,,240.00,,,,Polygamous,Specialist,
Ourebia ourebi,Hunted,2,17100,674.34,323.06,210.50,136.88,182.50,2.00,8258057,,189.96,2.36,35.72,14500.83,Monogamous,Specialist,2
Ovibos moschatus,Non-Hunted,0,313000,1277.50,1095.00,256.59,254.48,547.50,12.50,1615606,,288.00,0.32,0.01,1273689.84,Polygamous,Generalist,4
Ovis ammon,Hunted,2,113000,,490.80,165.00,75.27,365.00,,10939817,4.59,180.96,0.03,21.78,606611.35,,,3
Ovis aries,Non-Hunted,2,34200,730.00,699.45,152.08,182.50,365.00,,,,230.04,,,,Polygamous,Specialist,3
Ovis canadensis,Non-Hunted,2,74600,301.50,622.83,177.49,150.24,365.00,,2457850,19.00,288.00,1.51,7.03,8883440.61,Polygamous,Specialist,4
Ovis dalli,Non-Hunted,0,69600,730.00,641.51,172.49,121.67,365.00,9.50,1014237,10.30,192.00,,0.52,4000375.86,Polygamous,Specialist,4
Ovis nivicola,Non-Hunted,2,90000,,730.00,,,,,1641069,,,,0.35,419684.00,,,4
Ovis vignei,Hunted,,51800,,,165.45,,365.00,35.00,,,165.96,,,,,,1
Ozotoceros bezoarticus,Hunted,1,34400,,304.17,220.39,360.58,317.08,3.50,3649669,6.17,,,29.50,341776.06,Polygamous,Generalist,2
Pantholops hodgsonii,Hunted,3,32500,,,212.92,,365.00,,1113531,,,,1.69,1574470.00,Polygamous,Generalist,3
Pecari tajacu,Hunted,0,21300,350.00,253.85,144.85,53.54,155.00,20.00,15771441,1.40,288.00,7.93,26.94,732940.86,,Generalist,4
Pelea capreolus,Non-Hunted,0,22500,,,261.00,,,10.25,866217,,147.96,18.20,34.26,149006.08,Polygamous,Generalist,3
Phacochoerus aethiopicus,Hunted,0,75600,730.00,541.98,165.41,111.45,365.00,2.00,851932,1.36,225.60,7.60,17.35,7058.41,,Generalist,4
Phacochoerus africanus,Hunted,0,82500,,,172.50,,,,11093471,1.58,180.00,,33.08,13165.51,Polygamous,Generalist,3
Potamochoerus larvatus,Hunted,0,68600,,,121.74,,,8.00,5892227,4.55,,0.40,40.25,13457.51,,Generalist,3
Potamochoerus porcus,Hunted,0,70000,,969.55,120.00,,365.00,10.56,5033217,,240.00,0.24,36.83,8561.57,,Generalist,3
Procapra gutturosa,Hunted,0,28100,,829.79,190.19,36.64,365.00,,322171,,84.00,,1.55,319066.40,Polygamous,Specialist,3
Procapra picticaudata,Hunted,0,23000,,,,,,,1936511,,,,4.54,1566968.72,,,3
Procapra przewalskii,Non-Hunted,,27500,,,,,,,40688,,,,59.89,1574470.00,,,3
Pseudois nayaur,Hunted,0,51800,730.00,365.00,159.75,,,,3101840,,288.00,2.51,19.16,1499745.97,,,3
Pseudois schaeferi,Non-Hunted,,29300,,,,,,,61144,,,,5.55,1574470.00,,,3
Pudu mephistophiles,Non-Hunted,1,9600,,,,,,,244304,,120.00,,30.32,54549.99,Monogamous,Specialist,3
Pudu puda,Non-Hunted,2,9540,,196.17,210.00,54.75,,,223037,0.18,150.00,,11.99,79630.71,Monogamous,Generalist,1
Rangifer tarandus,Non-Hunted,0,108000,,644.18,222.50,136.88,365.00,,18376464,2770.00,242.40,2.59,1.07,1216452.73,Polygamous,Generalist,3
Raphicerus campestris,Hunted,0,11600,,200.08,210.00,48.38,219.00,2.00,4930076,0.44,168.00,1.24,24.64,43459.82,Monogamous,Generalist,3
Raphicerus melanotis,Non-Hunted,2,10400,,,,,,1.50,243785,,168.00,10.20,47.95,156501.00,Monogamous,Generalist,3
Raphicerus sharpei,Hunted,2,9330,,,212.92,,,1.50,2548307,,168.00,0.51,25.41,9205.25,,Generalist,4
Redunca arundinum,Hunted,2,57700,,,220.52,,273.75,1.75,5149999,,201.00,0.64,24.54,18018.60,Monogamous,Specialist,4
Redunca fulvorufula,Non-Hunted,0,28900,,283.42,223.00,82.13,352.83,4.75,1134766,0.08,147.96,7.72,60.83,61105.73,Polygamous,Specialist,5
Redunca redunca,Hunted,2,42700,,,228.13,,,,6462305,,216.00,1.01,45.48,13072.37,Polygamous,Specialist,4
Rupicapra pyrenaica,Non-Hunted,2,30000,,,,,,,13562,,,,37.32,1056288.32,,Generalist,4
Rupicapra rupicapra,Non-Hunted,0,32800,1368.75,541.09,178.55,76.04,365.00,1.00,742757,2.66,264.00,,105.31,406572.39,Polygamous,Generalist,4
Saiga tatarica,Hunted,4,37400,,279.78,148.50,98.85,365.00,27.50,3052486,,144.00,0.76,9.02,206869.95,Polygamous,Generalist,3
Sigmoceros lichtensteinii,Hunted,,168000,730.00,517.08,237.00,,365.00,10.00,2264336,4.47,,1.65,21.99,6536.69,Polygamous,Specialist,4
Sus barbatus,Hunted,0,135000,,320.64,114.78,105.17,,6.25,1078876,,,,67.01,161462.56,,,3
Sus bucculentus,Non-Hunted,,,,,,,,,2834,,,,92.30,7342.99,,,1
Sus cebifrons,Non-Hunted,,188000,,246.74,125.47,105.17,,4.50,27762,,,,266.95,86607.10,,,1
Sus celebensis,Hunted,0,53100,,,126.00,,,,173576,,,,94.75,199369.00,,,
Sus heureni,Non-Hunted,,,,,,,,,,,,,,,,,
Sus philippensis,Hunted,2,188000,,246.74,125.47,105.17,,3.75,237935,,,,225.88,86607.10,,,1
Sus salvanius,Non-Hunted,,7860,,,110.50,,,5.00,25729,0.16,144.00,,339.50,475265.80,Polygamous,,3
Sus scrofa,Hunted,0,84500,312.00,304.17,115.20,105.00,230.00,13.00,25951694,1.19,252.00,3.57,145.59,579612.50,Polygamous,Generalist,5
Sus timoriensis,Non-Hunted,,,,,,,,,,,,,,,,,
Sus verrucosus,Hunted,,89000,,,121.67,,,5.00,97965,,168.00,,777.30,199369.00,,,4
Sylvicapra grimmia,Hunted,0,15500,608.33,248.04,174.90,60.83,234.00,1.00,14120906,,171.96,2.36,33.95,22282.00,Monogamous,Specialist,3
Syncerus caffer,Hunted,2,593000,1460.00,1460.00,337.49,319.38,638.75,12.00,11706835,63.80,354.00,5.68,31.59,11194.95,Polygamous,Specialist,4
Taurotragus derbianus,Non-Hunted,1,643000,,657.99,,,,,937937,,194.04,0.72,9.12,6686.10,Polygamous,Specialist,3
Taurotragus oryx,Non-Hunted,2,561000,958.13,595.15,271.00,182.50,337.00,,5405308,197.00,283.20,1.59,24.96,9349.01,Polygamous,Generalist,4
Tayassu pecari,Hunted,0,31400,,596.93,158.00,12.82,,,13839053,41.70,252.00,1.59,25.33,323829.21,,,4
Tetracerus quadricornis,Hunted,,19100,365.00,,207.31,,316.00,,1865786,,129.96,,286.57,583721.23,Monogamous,Generalist,3
Tragelaphus angasii,Hunted,2,87000,695.78,573.16,220.00,212.92,297.00,15.50,274075,1.66,192.00,123.00,18.75,24843.63,Polygamous,Generalist,4
Tragelaphus buxtoni,Non-Hunted,,215000,,657.99,,,,15.00,41913,,132.00,78.20,98.01,6597.13,Polygamous,Specialist,5
Tragelaphus eurycerus,Hunted,1,268000,,760.32,285.00,,,13.50,2564433,,233.00,0.39,30.98,5989.15,,Specialist,2
Tragelaphus imberbis,Hunted,2,93300,1115.08,577.92,222.00,,258.54,3.00,1907499,,227.00,0.34,26.56,8575.69,Polygamous,Generalist,3
Tragelaphus scriptus,Hunted,0,43300,644.16,380.78,182.50,,235.73,1.00,13167566,0.03,156.00,1.51,41.29,13928.48,Polygamous,Specialist,3
Tragelaphus spekii,Hunted,1,75000,608.33,548.81,241.16,,352.83,6.00,5256069,,258.00,1.61,30.39,6656.00,Polygamous,Generalist,4
Tragelaphus strepsiceros,Hunted,2,205000,912.50,496.08,220.95,182.50,365.00,12.00,6476880,835.00,276.00,1.04,24.17,17606.31,Polygamous,Specialist,4
Tragulus javanicus,Hunted,0,1870,,137.08,158.76,21.00,,1.00,3708821,,144.00,,181.56,328763.18,Monogamous,Generalist,4
Tragulus napu,Hunted,0,5230,212.92,134.10,154.25,87.16,152.08,,1605112,,195.96,,90.18,159927.18,,,4
Vicugna vicugna,Hunted,2,47500,1140.63,821.25,345.46,318.25,547.50,,817999,0.13,297.60,3.14,10.75,58992.13,Polygamous,Generalist,3