Species,Hunted?,2006 IUCN threat (criterion A),Adult Body Mass (g),Age at First Birth (days),Age at Sexual Maturity (days),Gestation Length (days),Weaning Age (days),Inter-Birth interval (days),Group Size,Geographic Range Area (km2),HomeRange (km2),MaximumLongevity (months),Population Density (km2),Mean Human Population Density (km2),2003 GNI (US $ millions) ,Mating System,Diet,Habitat Breadth
Addax nasomaculatus,Non-Hunted,4,94700,1066.86,NA,262.74,NA,360,12.63,1168709,NA,308.04,0.06,1.5,9624.69,NA,Specialist,2
Aepyceros melampus,Hunted,2,52300,730,394.42,196.75,150,365,15.25,3926869,1.99,213,13,37.6,14962.72,Polygamous,Generalist,4
Alcelaphus buselaphus,Hunted,2,164000,927.71,696.84,242.67,188.73,345.5,20,5580395,2.75,240,3.39,29.89,11483.09,Polygamous,Specialist,4
Alces alces,Hunted,0,481000,1216.67,547.5,235,98.18,365,1,22315180,72,324,0.41,8.47,1521949.72,Polygamous,Specialist,2
Ammodorcas clarkei,Non-Hunted,NA,28000,NA,NA,200,NA,NA,NA,287057,NA,36,0.75,10.04,3089.53,NA,Specialist,3
Ammotragus lervia,Non-Hunted,2,93200,407.58,456.25,156.24,121.67,212.92,NA,1447451,7.07,252,NA,5.62,36006.72,Polygamous,NA,2
Antidorcas marsupialis,Hunted,2,33200,NA,279.01,169.49,55.71,365,NA,1066805,NA,240,10.4,2.06,5936.21,Polygamous,Generalist,2
Antilocapra americana,Non-Hunted,0,46900,365,457.81,247.99,87.55,365,12,2009746,8.16,144,0.84,6.77,9998676.89,Polygamous,NA,3
Antilope cervicapra,Non-Hunted,1,35900,669.17,986.11,166.6,59.5,212.56,30,1248647,0.63,243,4.31,284.26,597188.55,Polygamous,Specialist,4
Axis axis,Hunted,0,69500,NA,462.75,227.5,121.67,425.83,NA,2041090,0.69,249.6,6.7,361.47,569944.22,Polygamous,Generalist,4
Axis calamianensis,Non-Hunted,NA,39500,NA,NA,224,NA,NA,NA,1345,NA,NA,NA,36.99,86607.1,NA,NA,3
Axis kuhlii,Non-Hunted,NA,55000,NA,NA,227.5,NA,NA,NA,198,NA,NA,4.41,625,199369,NA,NA,4
Axis porcinus,Non-Hunted,NA,37100,NA,403.98,220.13,NA,NA,1.8,2017514,0.53,240,16.5,144.44,NA,Polygamous,Generalist,4
Babyrousa babyrussa,Hunted,2,91700,NA,345.2,156.5,212.92,NA,4.5,61504,NA,288,NA,35.4,199369,NA,Generalist,3
Bison bison,Non-Hunted,2,620000,1095,752,283.17,300.48,399,30,10388,47.7,396,0.29,0.7,11003700,Polygamous,Generalist,4
Bison bonasus,Non-Hunted,NA,673000,1068.39,730,266,285.46,638.75,35,NA,7.92,324,0.9,NA,NA,Polygamous,Specialist,NA
Blastocerus dichotomus,Hunted,NA,111000,NA,NA,272.37,NA,NA,3,2004539,NA,NA,0.13,11.65,277385.89,Polygamous,Generalist,5
Bos frontalis,Hunted,NA,800000,NA,534.77,273.75,189.18,403.02,40,2294332,NA,314.4,0.55,152.68,NA,NA,Specialist,3
Bos grunniens,Hunted,NA,500000,NA,657.99,273.75,243.33,NA,110,1523540,NA,267,NA,2.03,1574470,Polygamous,NA,2
Bos javanicus,Non-Hunted,NA,627000,912.5,693.99,296.78,286.8,NA,40,1687921,NA,318.96,0.76,139.21,NA,Polygamous,NA,4
Bos sauveli,Non-Hunted,NA,786000,NA,657.99,NA,NA,NA,20,115557,NA,NA,NA,36.95,15866.66,NA,NA,4
Bos taurus,Non-Hunted,NA,613000,NA,657.99,280.49,NA,NA,NA,NA,10.2,240,NA,NA,NA,Polygamous,Generalist,NA
Boselaphus tragocamelus,Non-Hunted,0,181000,912.5,NA,248.5,NA,400.5,NA,2192565,NA,260.4,2.42,313.3,589624.26,Polygamous,Specialist,4
Bubalus bubalis,Non-Hunted,NA,919000,NA,744.83,320,242.74,547.5,NA,978657,3.7,339,1.08,254.71,NA,Polygamous,NA,NA
Bubalus depressicornis,Hunted,NA,255000,NA,657.99,295.78,NA,NA,1,41027,NA,432.96,NA,40,199369,Polygamous,Generalist,2
Bubalus mephistopheles,Non-Hunted,NA,NA,NA,NA,NA,NA,NA,NA,NA,NA,NA,NA,NA,NA,NA,NA,NA
Bubalus mindorensis,Non-Hunted,NA,251000,NA,657.99,306.06,NA,1095,1,9913,NA,336,NA,161.33,86607.1,NA,NA,3
Bubalus quarlesi,Hunted,NA,180000,NA,657.99,295,NA,NA,1,56312,NA,270,NA,62.96,199369,NA,NA,NA
Budorcas taxicolor,Hunted,2,291000,NA,807.96,235.61,111.45,365,14,402044,NA,234.96,NA,58.63,1397475.94,Polygamous,Generalist,4
Camelus bactrianus,Non-Hunted,4,547000,1460,1219.47,398,373.06,730,6.2,188693,NA,480,0.06,1.83,1368972.03,NA,Generalist,3
Camelus dromedarius,Non-Hunted,NA,488000,1738.31,1670.1,386.52,389.38,614.42,10,NA,200,480,0.97,NA,NA,Polygamous,Generalist,NA
Capra caucasica,Non-Hunted,3,63300,NA,732.49,153.53,55.72,365,NA,32782,NA,228.96,NA,40.23,259038.94,NA,NA,4
Capra cylindricornis,Non-Hunted,NA,57500,NA,879.29,155,NA,NA,NA,NA,NA,264,NA,NA,NA,NA,NA,4
Capra falconeri,Non-Hunted,3,53600,730,879.29,167.99,167.29,NA,NA,155076,NA,168,NA,88.37,57021.4,NA,NA,4
Capra hircus,Non-Hunted,2,46900,669.17,419.67,156,158.05,365,NA,NA,99.5,249.6,7.69,NA,NA,Polygamous,Generalist,4
Capra ibex,Hunted,0,69300,912.5,758.53,167.5,111.76,547.5,NA,145098,NA,267.6,NA,135.27,1005835.43,Polygamous,Generalist,4
Capra nubiana,Hunted,NA,47600,NA,NA,150,NA,NA,NA,177987,NA,204,NA,13.76,102232.74,NA,NA,NA
Capra pyrenaica,Non-Hunted,1,60200,NA,NA,150,NA,NA,NA,110473,0.66,192,NA,72.32,829643,Polygamous,NA,5
Capra sibirica,Hunted,0,130000,NA,NA,175,NA,NA,NA,2802214,NA,267,NA,23.16,511911.07,NA,NA,NA
Capra walie,Non-Hunted,NA,99400,NA,NA,157.5,NA,NA,NA,4295,NA,NA,4.13,63.17,6597.13,NA,NA,1
Capreolus capreolus,Non-Hunted,0,22400,730,391.77,161.54,79.75,365,NA,6777178,0.53,204,7.72,101.79,517106.23,Polygamous,Generalist,4
Capreolus pygargus,Non-Hunted,0,41000,NA,769.85,290,135.22,NA,NA,9816966,1,NA,80,26.63,625592.67,NA,NA,4
Catagonus wagneri,Non-Hunted,NA,35200,730,773.66,152.08,59.67,NA,5.75,329881,7.11,108,9.24,1.68,60097.86,NA,NA,3
Cephalophus adersi,Hunted,4,9250,NA,NA,120,NA,NA,NA,3824,NA,48.96,3.66,187.18,12626.73,NA,Generalist,NA
Cephalophus callipygus,Hunted,1,18800,NA,NA,NA,NA,NA,NA,788398,0.33,NA,NA,12.47,5479.02,NA,Generalist,2
Cephalophus dorsalis,Hunted,1,20000,760.42,465.58,238,NA,NA,1,2874503,0.28,204.96,NA,34.09,6401.09,NA,Generalist,4
Cephalophus harveyi,Hunted,2,14500,NA,NA,NA,NA,NA,NA,NA,NA,NA,NA,NA,NA,NA,Generalist,NA
Cephalophus jentinki,Non-Hunted,NA,67500,NA,NA,NA,NA,NA,NA,130952,NA,210,0.1,55.45,7387.68,NA,Generalist,2
Cephalophus leucogaster,Hunted,1,13000,NA,NA,NA,NA,NA,NA,1396673,NA,63.96,NA,19.68,5338.08,NA,Generalist,3
Cephalophus maxwellii,Hunted,1,8440,1095,291.81,205,60.1,NA,1.95,1214156,NA,147,5.89,78.44,12232.38,Monogamous,Generalist,3
Cephalophus monticola,Hunted,0,4860,577.92,304.74,205,25.65,265,1.9,6552146,NA,144,35.7,33.48,10992.09,Monogamous,Generalist,4
Cephalophus natalensis,Hunted,2,12000,NA,NA,212.98,NA,235,2,1208751,0.07,180,6.87,37.4,16080.22,Monogamous,Generalist,NA
Cephalophus niger,Hunted,1,18900,NA,NA,126,88.91,NA,NA,726891,NA,122.04,1.12,100.88,12725.19,NA,Generalist,1
Cephalophus nigrifrons,Hunted,1,14200,NA,NA,NA,NA,NA,NA,2766201,NA,236.4,2,27.94,6030.49,NA,Generalist,NA
Cephalophus ogilbyi,Hunted,1,18200,NA,NA,121.67,NA,NA,NA,587613,0.08,NA,NA,88.05,12609.93,NA,Generalist,1
Cephalophus rubidus,Non-Hunted,NA,15000,NA,NA,NA,NA,NA,NA,NA,NA,NA,NA,NA,NA,NA,Generalist,NA
Cephalophus rufilatus,Hunted,2,12000,794.64,NA,234,85.04,NA,1,3098970,NA,114,3.09,46.8,16863.65,NA,Generalist,NA
Cephalophus silvicultor,Hunted,1,61300,NA,NA,234.44,34.79,306,1,6018052,NA,207.96,0.49,36.83,8102.57,NA,Generalist,4
Cephalophus spadix,Non-Hunted,NA,56500,NA,NA,NA,NA,NA,NA,36583,NA,65.04,NA,49.39,10555.98,NA,Generalist,3
Cephalophus weynsi,Hunted,1,NA,NA,NA,NA,NA,NA,NA,1692834,NA,183,NA,42.21,5385.1,NA,Generalist,1
Cephalophus zebra,Non-Hunted,NA,15400,NA,NA,223.9,12.82,NA,NA,171547,NA,146.04,NA,37.94,5522.09,Monogamous,Generalist,2
Cervus albirostris,Hunted,NA,161000,NA,NA,263.42,NA,NA,NA,1061383,NA,216,NA,12.83,1574470,NA,NA,3
Cervus alfredi,Non-Hunted,NA,45800,NA,NA,243.33,NA,NA,NA,24505,NA,NA,NA,291.84,86607.1,NA,NA,2
Cervus duvaucelii,Non-Hunted,NA,169000,1095,732.49,245,NA,NA,64.25,255737,14.3,NA,11.4,428.69,583158.8,Polygamous,Specialist,4
Cervus elaphus,Hunted,0,240000,993.71,549.37,235.61,104.64,NA,17.5,14167732,58.4,321.6,2.9,60.8,1927498.8,Polygamous,Generalist,5
Cervus eldii,Non-Hunted,2,94700,958.13,449.86,240.2,223.21,382.7,NA,119941,NA,232.8,NA,64.12,213164.16,Polygamous,Specialist,4
Cervus mariannus,Hunted,NA,49100,NA,NA,NA,NA,NA,NA,220498,NA,NA,NA,222.55,86607.1,NA,NA,3
Cervus nippon,Non-Hunted,0,53000,1095,451.11,223.66,197.71,NA,7.5,2714653,1.45,305.04,0.75,331.56,1870074.25,Polygamous,Specialist,4
Cervus timorensis,Hunted,0,65800,NA,639.13,250.29,226.74,366,NA,132249,NA,NA,NA,804.21,199369,Polygamous,Generalist,4
Cervus unicolor,Hunted,0,176000,788.4,549.37,246,NA,NA,NA,7050571,NA,317.04,4.9,218.9,554944.91,Polygamous,Generalist,4
Connochaetes gnou,Non-Hunted,0,154000,912.5,817.08,256.76,108.18,NA,26.75,132201,0.97,240,33.7,21.87,154675.6,Polygamous,Specialist,2
Connochaetes taurinus,Hunted,2,196000,730,730,251.5,256.32,365,20,3201114,NA,258,7.77,19.13,25033.37,Polygamous,Specialist,3
Dama dama,Non-Hunted,0,56200,1095,466.49,230,177.06,365,10.5,3081759,0.72,300,22,128.41,733214.02,Polygamous,Generalist,3
Dama mesopotamica,Non-Hunted,NA,74400,NA,NA,NA,NA,NA,NA,NA,NA,NA,NA,NA,NA,NA,NA,NA
Damaliscus hunteri,Non-Hunted,4,78600,NA,NA,252.28,NA,NA,13.5,30189,NA,182.04,0.41,6.59,5034.86,Polygamous,Specialist,3
Damaliscus lunatus,Hunted,2,131000,912.5,682.79,238,NA,NA,3.6,4545042,NA,216,2.92,25.52,12075.97,Polygamous,Specialist,3
Damaliscus pygargus,Hunted,2,76700,1003.75,522.63,240.71,121.67,365,NA,370656,NA,260.04,23.9,39.93,151214.81,Polygamous,Specialist,3
Dorcatragus megalotis,Non-Hunted,NA,10900,NA,NA,NA,NA,NA,7,77951,NA,168,NA,9.78,1295.48,Polygamous,Specialist,1
Elaphodus cephalophus,Non-Hunted,NA,23000,NA,547.5,181.25,NA,NA,NA,1959738,NA,NA,NA,202.34,NA,Monogamous,NA,1
Elaphurus davidianus,Non-Hunted,NA,165000,NA,NA,286.5,159.79,359.5,NA,NA,NA,279.6,NA,NA,NA,Polygamous,Specialist,NA
Gazella bennettii,Non-Hunted,0,18900,NA,NA,NA,NA,NA,NA,1733312,NA,NA,NA,203.11,464466.3,NA,NA,2
Gazella cuvieri,Non-Hunted,NA,NA,NA,NA,166.13,NA,NA,NA,1047003,NA,NA,NA,50.98,NA,Polygamous,Generalist,5
Gazella dama,Non-Hunted,4,70400,NA,NA,194.94,NA,182.5,1,1593779,NA,207.96,0.18,5.5,8281.67,Polygamous,Generalist,2
Gazella dorcas,Non-Hunted,2,15500,836.46,525.26,172,61.35,337.85,6.75,10374954,15.8,209.04,2.24,18.56,31525.08,NA,Generalist,4
Gazella gazella,Non-Hunted,2,21200,547.5,408.01,180,87.33,228.13,7.2,1151479,1.46,219,0.4,48.75,103943.67,NA,NA,4
Gazella granti,Hunted,2,55000,NA,225.35,191.21,NA,NA,NA,963156,NA,152.04,3.82,40.53,11632.92,Polygamous,Generalist,4
Gazella leptoceros,Non-Hunted,NA,24300,319.38,NA,167.29,NA,NA,NA,2188576,NA,168,NA,6.52,29742.03,Polygamous,Generalist,1
Gazella rufifrons,Non-Hunted,2,27000,NA,NA,174.73,NA,NA,NA,3084372,NA,162,1.52,32.64,9370.32,NA,Generalist,3
Gazella soemmerringii,Non-Hunted,NA,41000,802.24,350.18,192.54,NA,NA,NA,1089492,NA,186,5.33,23.85,6577.22,NA,Generalist,3
Gazella spekei,Non-Hunted,NA,20000,NA,366.79,178.6,NA,206.5,14.25,170828,NA,152.04,NA,11.38,924.64,NA,Generalist,4
Gazella subgutturosa,Hunted,2,26700,NA,366.25,159.69,117.97,NA,5.5,8790680,NA,240,0.64,25.75,424954.19,Polygamous,NA,4
Gazella thomsonii,Hunted,2,22600,552.52,354.01,166.14,93.26,193.91,NA,515821,NA,182.04,14.6,50.74,12907.38,Polygamous,Specialist,2
Giraffa camelopardalis,Hunted,2,955000,1825,1400.59,455.25,272.09,608.33,100,2791593,82.5,435.6,1.2,18.24,13185.09,Polygamous,Specialist,3
Hemitragus hylocrius,Non-Hunted,NA,73700,669.17,NA,186.59,25.65,237.25,NA,2110,NA,207,NA,486.14,597574,Polygamous,NA,3
Hemitragus jayakari,Non-Hunted,NA,21900,NA,NA,164.32,NA,NA,NA,16234,NA,168,NA,40.38,19790.5,NA,NA,1
Hemitragus jemlahicus,Hunted,2,67900,730,1353.51,195.77,NA,365,NA,130100,NA,261.6,NA,98.05,509070.04,Polygamous,NA,3
Hexaprotodon liberiensis,Hunted,NA,227000,NA,1315.97,200,210.34,NA,1.25,35807,0.74,525.6,NA,86.62,22997.21,NA,Generalist,2
Hippocamelus antisensis,Non-Hunted,NA,68600,NA,NA,235.73,NA,NA,7.3,993124,NA,127.2,1.2,7.77,116924.39,NA,Specialist,3
Hippocamelus bisulcus,Non-Hunted,NA,68800,NA,NA,212.92,NA,NA,1.9,121225,0.88,NA,1.11,2.49,83665.73,Polygamous,Generalist,3
Hippopotamus amphibius,Hunted,2,1520000,1460,1750.88,235.37,319.01,696.54,NA,1849389,NA,654,4.87,35.22,8638.78,Polygamous,Specialist,3
Hippotragus equinus,Hunted,2,260000,1049.38,730,278.23,115.64,317,12,8018853,NA,240,0.94,30.37,12081.88,Polygamous,Specialist,3
Hippotragus niger,Hunted,2,234000,983.37,851.67,272.87,210.73,365,15,3149647,NA,267,1.27,28.15,9565.97,Polygamous,Specialist,1
Hydropotes inermis,Non-Hunted,1,12700,NA,270.67,175.5,NA,NA,NA,1140413,NA,144,NA,373.92,1574470,NA,Generalist,3
Hyemoschus aquaticus,Hunted,NA,10800,NA,274.16,173.53,136.88,NA,1,2571576,0.21,168,16.1,39.68,6663.22,Monogamous,Generalist,2
Hylochoerus meinertzhageni,Hunted,0,195000,532.29,451.86,151,62.62,365,10,2227871,NA,216,1.5,45.11,6298.68,NA,Generalist,5
Kobus ellipsiprymnus,Hunted,2,202000,NA,1315.59,270,212.92,365,12,10067124,1.3,239.04,2.4,34.78,12171.48,Polygamous,Specialist,4
Kobus kob,Hunted,2,79500,395.42,412.03,254.76,188.65,NA,40,3179797,101,263.04,2.54,39.38,13705.3,Polygamous,Specialist,4
Kobus leche,Hunted,2,87400,638.75,785.7,229.81,133.45,NA,20,229752,NA,222.96,30.8,8.87,7427.78,Polygamous,Specialist,3
Kobus megaceros,Non-Hunted,1,85200,NA,NA,NA,NA,NA,NA,82555,NA,224.04,0.34,11.78,15658.88,NA,Specialist,3
Kobus vardonii,Hunted,2,71000,NA,NA,258.09,212.92,365,5.5,1026509,NA,NA,4.65,15.22,5529.99,Polygamous,Specialist,4
Lama glama,Non-Hunted,NA,137000,NA,730,334.58,152.08,NA,NA,NA,NA,NA,NA,NA,NA,NA,Generalist,NA
Lama guanicoe,Non-Hunted,1,95500,NA,586.19,334.58,NA,NA,NA,NA,NA,339.6,0.46,NA,NA,Polygamous,Generalist,3
Lama pacos,Non-Hunted,NA,64900,NA,365,343.5,NA,NA,NA,NA,NA,NA,NA,NA,NA,NA,Specialist,NA
Litocranius walleri,Hunted,2,38500,562.71,730,204.15,NA,240.77,8,1594553,NA,156,0.43,20.87,6686.22,Polygamous,Specialist,1
Madoqua guentheri,Hunted,1,4590,NA,116.73,175,75,NA,6.25,1526489,0.04,168,13.8,21.75,6878.46,NA,Specialist,2
Madoqua kirkii,Hunted,1,4770,501.88,203.68,171.5,42.58,182.5,2.5,1734714,NA,198,19,27.97,7190.19,Monogamous,Specialist,3
Madoqua piacentinii,Non-Hunted,NA,2500,NA,219.33,NA,NA,NA,NA,30486,NA,168,NA,18.06,834.95,NA,Specialist,2
Madoqua saltiana,Non-Hunted,0,3380,NA,219.82,NA,42,NA,1.5,1219721,NA,168,NA,20.77,3816.19,Monogamous,Specialist,2
Mazama americana,Hunted,NA,20300,NA,NA,225,NA,NA,1,12958595,NA,165.6,9.43,25.36,332316.79,Monogamous,Specialist,5
Mazama bricenii,Non-Hunted,NA,16500,NA,NA,NA,NA,NA,NA,83135,NA,NA,NA,74.22,77390.03,NA,Generalist,NA
Mazama chunyi,Non-Hunted,NA,16000,NA,NA,243.33,NA,NA,NA,112162,NA,NA,NA,14.11,37446.01,NA,Generalist,2
Mazama gouazoupira,Hunted,NA,16400,NA,623.54,220.14,NA,NA,1,12556119,NA,144,9.34,22.64,NA,Monogamous,Generalist,5
Mazama nana,Non-Hunted,NA,16500,NA,NA,NA,NA,NA,NA,713884,NA,NA,NA,48.64,452318.75,NA,Generalist,NA
Mazama rufina,Non-Hunted,1,21000,NA,NA,231.65,NA,NA,NA,14704,NA,NA,NA,61.14,25736.4,NA,Generalist,4
Moschiola meminna,Hunted,0,3090,NA,NA,153.53,NA,NA,NA,1572492,NA,NA,2.78,324.34,573296.25,NA,Generalist,4
Moschus berezovskii,Hunted,1,12300,NA,NA,184.25,46.59,NA,NA,2263302,0.14,NA,NA,191.03,1548900.96,NA,Generalist,2
Moschus chrysogaster,Hunted,1,13500,730,505.13,188,46.59,NA,1,1789906,0.14,NA,NA,43.15,1298128.4,NA,Generalist,4
Moschus fuscus,Hunted,1,13500,NA,NA,NA,46.59,NA,NA,121179,0.14,NA,NA,24.3,1061677.9,NA,Generalist,3
Moschus moschiferus,Hunted,2,13300,NA,388.79,175.92,46.59,NA,1,8554235,0.14,NA,NA,20.87,534181.93,NA,Generalist,3
Muntiacus atherodes,Hunted,0,18800,NA,NA,NA,NA,NA,NA,108467,NA,NA,NA,16.82,199369,NA,Generalist,2
Muntiacus crinifrons,Hunted,NA,18300,NA,NA,195.58,NA,NA,NA,128303,NA,NA,NA,327.46,1574470,Monogamous,Generalist,2
Muntiacus feae,Non-Hunted,NA,17800,NA,NA,195.58,NA,NA,NA,21363,NA,NA,NA,43.4,NA,NA,Generalist,2
Muntiacus gongshanensis,Non-Hunted,NA,18300,NA,NA,NA,NA,NA,NA,171,NA,NA,NA,8.56,1574470,NA,Generalist,2
Muntiacus muntjak,Hunted,0,17400,NA,293.1,210,NA,241,NA,7321434,NA,211.2,3.17,236.51,512928.91,Monogamous,Generalist,2
Muntiacus reevesi,Non-Hunted,0,13500,NA,274.37,214.25,NA,215.25,NA,1767641,0.13,NA,0.67,356.67,1573686.63,Monogamous,Generalist,2
Naemorhedus baileyi,Hunted,2,28500,NA,NA,212.92,NA,NA,NA,105198,NA,219,NA,27.92,NA,NA,NA,NA
Naemorhedus caudatus,Non-Hunted,2,27000,NA,NA,NA,NA,NA,NA,2662960,NA,207.96,NA,155.99,1421720.31,NA,NA,3
Naemorhedus crispus,Non-Hunted,2,42600,NA,860.23,213,55.72,547.5,NA,113318,0.11,222.96,1.98,346.21,4374440,NA,NA,3
Naemorhedus goral,Hunted,1,28700,NA,874,212.92,55.72,365,NA,353466,NA,211.2,NA,102.32,515870.04,Polygamous,Generalist,3
Naemorhedus sumatraensis,Hunted,2,110000,NA,NA,231.37,165.26,NA,NA,2865764,NA,252,NA,151.35,1083899.38,Monogamous,Specialist,3
Naemorhedus swinhoei,Non-Hunted,2,NA,NA,NA,NA,NA,NA,NA,11916,NA,NA,NA,595.77,NA,NA,NA,3
Neotragus batesi,Hunted,1,2950,365,317.52,181.25,NA,NA,NA,1089948,NA,168,NA,41.93,9715.57,Monogamous,Specialist,4
Neotragus moschatus,Hunted,2,5600,NA,172.05,180,NA,NA,1.5,1612116,NA,168,16.8,42.02,10079.97,Monogamous,Specialist,4
Neotragus pygmaeus,Hunted,1,3880,NA,NA,180,NA,NA,2,426515,NA,168,NA,74.42,7126.62,NA,Specialist,3
Odocoileus hemionus,Non-Hunted,0,83800,547.5,451.2,203.5,73.5,365,NA,6310738,2.03,264,16,14.39,7035884.6,Polygamous,Generalist,5
Odocoileus virginianus,Hunted,0,75000,463,285.57,201.4,79.92,304.17,2.25,14446002,2,276,17.3,34.12,5270196.44,Polygamous,Generalist,5
Okapia johnstoni,Non-Hunted,1,230000,NA,821.25,443,180.29,NA,1,1105797,4.65,396,1.02,19.43,5392.02,Monogamous,Specialist,3
Oreamnos americanus,Non-Hunted,0,71300,1095,836.46,181.25,87.16,365,3,1137828,18.2,230.04,NA,4.68,3319359.66,NA,Generalist,2
Oreotragus oreotragus,Hunted,2,13400,NA,323.18,214,136.88,365,2,5375303,NA,213.96,2.55,38.4,20174.22,Monogamous,Specialist,1
Oryx gazella,Hunted,2,186000,866.88,730,273.75,NA,NA,20,4679314,NA,240,2.48,23.15,43602.17,Polygamous,Specialist,5
Oryx leucoryx,Non-Hunted,NA,74700,NA,NA,240,54.96,NA,5,NA,NA,240,NA,NA,NA,Polygamous,Specialist,NA
Ourebia ourebi,Hunted,2,17100,674.34,323.06,210.5,136.88,182.5,2,8258057,NA,189.96,2.36,35.72,14500.83,Monogamous,Specialist,2
Ovibos moschatus,Non-Hunted,0,313000,1277.5,1095,256.59,254.48,547.5,12.5,1615606,NA,288,0.32,0.01,1273689.84,Polygamous,Generalist,4
Ovis ammon,Hunted,2,113000,NA,490.8,165,75.27,365,NA,10939817,4.59,180.96,0.03,21.78,606611.35,NA,NA,3
Ovis aries,Non-Hunted,2,34200,730,699.45,152.08,182.5,365,NA,NA,NA,230.04,NA,NA,NA,Polygamous,Specialist,3
Ovis canadensis,Non-Hunted,2,74600,301.5,622.83,177.49,150.24,365,NA,2457850,19,288,1.51,7.03,8883440.61,Polygamous,Specialist,4
Ovis dalli,Non-Hunted,0,69600,730,641.51,172.49,121.67,365,9.5,1014237,10.3,192,NA,0.52,4000375.86,Polygamous,Specialist,4
Ovis nivicola,Non-Hunted,2,90000,NA,730,NA,NA,NA,NA,1641069,NA,NA,NA,0.35,419684,NA,NA,4
Ovis vignei,Hunted,NA,51800,NA,NA,165.45,NA,365,35,NA,NA,165.96,NA,NA,NA,NA,NA,1
Ozotoceros bezoarticus,Hunted,1,34400,NA,304.17,220.39,360.58,317.08,3.5,3649669,6.17,NA,NA,29.5,341776.06,Polygamous,Generalist,2
Pantholops hodgsonii,Hunted,3,32500,NA,NA,212.92,NA,365,NA,1113531,NA,NA,NA,1.69,1574470,Polygamous,Generalist,3
Pecari tajacu,Hunted,0,21300,350,253.85,144.85,53.54,155,20,15771441,1.4,288,7.93,26.94,732940.86,NA,Generalist,4
Pelea capreolus,Non-Hunted,0,22500,NA,NA,261,NA,NA,10.25,866217,NA,147.96,18.2,34.26,149006.08,Polygamous,Generalist,3
Phacochoerus aethiopicus,Hunted,0,75600,730,541.98,165.41,111.45,365,2,851932,1.36,225.6,7.6,17.35,7058.41,NA,Generalist,4
Phacochoerus africanus,Hunted,0,82500,NA,NA,172.5,NA,NA,NA,11093471,1.58,180,NA,33.08,13165.51,Polygamous,Generalist,3
Potamochoerus larvatus,Hunted,0,68600,NA,NA,121.74,NA,NA,8,5892227,4.55,NA,0.4,40.25,13457.51,NA,Generalist,3
Potamochoerus porcus,Hunted,0,70000,NA,969.55,120,NA,365,10.56,5033217,NA,240,0.24,36.83,8561.57,NA,Generalist,3
Procapra gutturosa,Hunted,0,28100,NA,829.79,190.19,36.64,365,NA,322171,NA,84,NA,1.55,319066.4,Polygamous,Specialist,3
Procapra picticaudata,Hunted,0,23000,NA,NA,NA,NA,NA,NA,1936511,NA,NA,NA,4.54,1566968.72,NA,NA,3
Procapra przewalskii,Non-Hunted,NA,27500,NA,NA,NA,NA,NA,NA,40688,NA,NA,NA,59.89,1574470,NA,NA,3
Pseudois nayaur,Hunted,0,51800,730,365,159.75,NA,NA,NA,3101840,NA,288,2.51,19.16,1499745.97,NA,NA,3
Pseudois schaeferi,Non-Hunted,NA,29300,NA,NA,NA,NA,NA,NA,61144,NA,NA,NA,5.55,1574470,NA,NA,3
Pudu mephistophiles,Non-Hunted,1,9600,NA,NA,NA,NA,NA,NA,244304,NA,120,NA,30.32,54549.99,Monogamous,Specialist,3
Pudu puda,Non-Hunted,2,9540,NA,196.17,210,54.75,NA,NA,223037,0.18,150,NA,11.99,79630.71,Monogamous,Generalist,1
Rangifer tarandus,Non-Hunted,0,108000,NA,644.18,222.5,136.88,365,NA,18376464,2770,242.4,2.59,1.07,1216452.73,Polygamous,Generalist,3
Raphicerus campestris,Hunted,0,11600,NA,200.08,210,48.38,219,2,4930076,0.44,168,1.24,24.64,43459.82,Monogamous,Generalist,3
Raphicerus melanotis,Non-Hunted,2,10400,NA,NA,NA,NA,NA,1.5,243785,NA,168,10.2,47.95,156501,Monogamous,Generalist,3
Raphicerus sharpei,Hunted,2,9330,NA,NA,212.92,NA,NA,1.5,2548307,NA,168,0.51,25.41,9205.25,NA,Generalist,4
Redunca arundinum,Hunted,2,57700,NA,NA,220.52,NA,273.75,1.75,5149999,NA,201,0.64,24.54,18018.6,Monogamous,Specialist,4
Redunca fulvorufula,Non-Hunted,0,28900,NA,283.42,223,82.13,352.83,4.75,1134766,0.08,147.96,7.72,60.83,61105.73,Polygamous,Specialist,5
Redunca redunca,Hunted,2,42700,NA,NA,228.13,NA,NA,NA,6462305,NA,216,1.01,45.48,13072.37,Polygamous,Specialist,4
Rupicapra pyrenaica,Non-Hunted,2,30000,NA,NA,NA,NA,NA,NA,13562,NA,NA,NA,37.32,1056288.32,NA,Generalist,4
Rupicapra rupicapra,Non-Hunted,0,32800,1368.75,541.09,178.55,76.04,365,1,742757,2.66,264,NA,105.31,406572.39,Polygamous,Generalist,4
Saiga tatarica,Hunted,4,37400,NA,279.78,148.5,98.85,365,27.5,3052486,NA,144,0.76,9.02,206869.95,Polygamous,Generalist,3
Sigmoceros lichtensteinii,Hunted,NA,168000,730,517.08,237,NA,365,10,2264336,4.47,NA,1.65,21.99,6536.69,Polygamous,Specialist,4
Sus barbatus,Hunted,0,135000,NA,320.64,114.78,105.17,NA,6.25,1078876,NA,NA,NA,67.01,161462.56,NA,NA,3
Sus bucculentus,Non-Hunted,NA,NA,NA,NA,NA,NA,NA,NA,2834,NA,NA,NA,92.3,7342.99,NA,NA,1
Sus cebifrons,Non-Hunted,NA,188000,NA,246.74,125.47,105.17,NA,4.5,27762,NA,NA,NA,266.95,86607.1,NA,NA,1
Sus celebensis,Hunted,0,53100,NA,NA,126,NA,NA,NA,173576,NA,NA,NA,94.75,199369,NA,NA,NA
Sus heureni,Non-Hunted,NA,NA,NA,NA,NA,NA,NA,NA,NA,NA,NA,NA,NA,NA,NA,NA,NA
Sus philippensis,Hunted,2,188000,NA,246.74,125.47,105.17,NA,3.75,237935,NA,NA,NA,225.88,86607.1,NA,NA,1
Sus salvanius,Non-Hunted,NA,7860,NA,NA,110.5,NA,NA,5,25729,0.16,144,NA,339.5,475265.8,Polygamous,NA,3
Sus scrofa,Hunted,0,84500,312,304.17,115.2,105,230,13,25951694,1.19,252,3.57,145.59,579612.5,Polygamous,Generalist,5
Sus timoriensis,Non-Hunted,NA,NA,NA,NA,NA,NA,NA,NA,NA,NA,NA,NA,NA,NA,NA,NA,NA
Sus verrucosus,Hunted,NA,89000,NA,NA,121.67,NA,NA,5,97965,NA,168,NA,777.3,199369,NA,NA,4
Sylvicapra grimmia,Hunted,0,15500,608.33,248.04,174.9,60.83,234,1,14120906,NA,171.96,2.36,33.95,22282,Monogamous,Specialist,3
Syncerus caffer,Hunted,2,593000,1460,1460,337.49,319.38,638.75,12,11706835,63.8,354,5.68,31.59,11194.95,Polygamous,Specialist,4
Taurotragus derbianus,Non-Hunted,1,643000,NA,657.99,NA,NA,NA,NA,937937,NA,194.04,0.72,9.12,6686.1,Polygamous,Specialist,3
Taurotragus oryx,Non-Hunted,2,561000,958.13,595.15,271,182.5,337,NA,5405308,197,283.2,1.59,24.96,9349.01,Polygamous,Generalist,4
Tayassu pecari,Hunted,0,31400,NA,596.93,158,12.82,NA,NA,13839053,41.7,252,1.59,25.33,323829.21,NA,NA,4
Tetracerus quadricornis,Hunted,NA,19100,365,NA,207.31,NA,316,NA,1865786,NA,129.96,NA,286.57,583721.23,Monogamous,Generalist,3
Tragelaphus angasii,Hunted,2,87000,695.78,573.16,220,212.92,297,15.5,274075,1.66,192,123,18.75,24843.63,Polygamous,Generalist,4
Tragelaphus buxtoni,Non-Hunted,NA,215000,NA,657.99,NA,NA,NA,15,41913,NA,132,78.2,98.01,6597.13,Polygamous,Specialist,5
Tragelaphus eurycerus,Hunted,1,268000,NA,760.32,285,NA,NA,13.5,2564433,NA,233,0.39,30.98,5989.15,NA,Specialist,2
Tragelaphus imberbis,Hunted,2,93300,1115.08,577.92,222,NA,258.54,3,1907499,NA,227,0.34,26.56,8575.69,Polygamous,Generalist,3
Tragelaphus scriptus,Hunted,0,43300,644.16,380.78,182.5,NA,235.73,1,13167566,0.03,156,1.51,41.29,13928.48,Polygamous,Specialist,3
Tragelaphus spekii,Hunted,1,75000,608.33,548.81,241.16,NA,352.83,6,5256069,NA,258,1.61,30.39,6656,Polygamous,Generalist,4
Tragelaphus strepsiceros,Hunted,2,205000,912.5,496.08,220.95,182.5,365,12,6476880,835,276,1.04,24.17,17606.31,Polygamous,Specialist,4
Tragulus javanicus,Hunted,0,1870,NA,137.08,158.76,21,NA,1,3708821,NA,144,NA,181.56,328763.18,Monogamous,Generalist,4
Tragulus napu,Hunted,0,5230,212.92,134.1,154.25,87.16,152.08,NA,1605112,NA,195.96,NA,90.18,159927.18,NA,NA,4
Vicugna vicugna,Hunted,2,47500,1140.63,821.25,345.46,318.25,547.5,NA,817999,0.13,297.6,3.14,10.75,58992.13,Polygamous,Generalist,3
